Datetime,Actual,Predicted
2024-05-03 17:30:00+00:00,110.66200256347656,110.6098818555951
2024-05-03 18:30:00+00:00,109.56999969482422,110.6785338507781
2024-05-03 19:30:00+00:00,109.47000122070312,109.5926482685083
2024-05-06 13:30:00+00:00,111.1999969482422,109.46466392056276
2024-05-06 14:30:00+00:00,110.94499969482422,111.17327392622401
2024-05-06 15:30:00+00:00,110.75,111.00319647942577
2024-05-06 16:30:00+00:00,110.80999755859376,110.76887364758252
2024-05-06 17:30:00+00:00,110.9800033569336,110.8289494976184
2024-05-06 18:30:00+00:00,110.9800033569336,111.03026763712809
2024-05-06 19:30:00+00:00,111.4499969482422,110.99785133914497
2024-05-07 13:30:00+00:00,113.04499816894533,111.45744019909458
2024-05-07 14:30:00+00:00,113.23500061035156,113.04128202802656
2024-05-07 15:30:00+00:00,113.28500366210938,113.29700055266328
2024-05-07 16:30:00+00:00,113.27999877929688,113.33480646760482
2024-05-07 17:30:00+00:00,113.18499755859376,113.32484138375564
2024-05-07 18:30:00+00:00,113.09500122070312,113.243181772867
2024-05-07 19:30:00+00:00,113.18000030517578,113.11991124151133
2024-05-08 13:30:00+00:00,111.45999908447266,113.19652991938513
2024-05-08 14:30:00+00:00,111.71199798583984,111.51960845153899
2024-05-08 15:30:00+00:00,112.5999984741211,111.68662347953126
2024-05-08 16:30:00+00:00,112.58000183105467,112.57873287916999
2024-05-08 17:30:00+00:00,112.73999786376952,112.61400856797648
2024-05-08 18:30:00+00:00,112.79000091552734,112.73538372178245
2024-05-08 19:30:00+00:00,113.31999969482422,112.82265796678725
2024-05-09 13:30:00+00:00,113.26000213623048,113.34994049628283
2024-05-09 14:30:00+00:00,113.51000213623048,113.29436988481741
2024-05-09 15:30:00+00:00,112.86000061035156,113.53507193139066
2024-05-09 16:30:00+00:00,112.4800033569336,112.90449449495412
2024-05-09 17:30:00+00:00,112.41000366210938,112.50968804211996
2024-05-09 18:30:00+00:00,112.20999908447266,112.41518086315378
2024-05-09 19:30:00+00:00,112.20999908447266,112.22914711345452
2024-05-10 13:30:00+00:00,111.68000030517578,112.20961422589903
2024-05-10 14:30:00+00:00,111.90519714355467,111.7010772773021
2024-05-10 15:30:00+00:00,112.02999877929688,111.90628420920083
2024-05-10 16:30:00+00:00,111.9250030517578,112.04026696672686
2024-05-10 17:30:00+00:00,112.23999786376952,111.95009175783244
2024-05-10 18:30:00+00:00,112.27999877929688,112.24295937012577
2024-05-10 19:30:00+00:00,112.08000183105467,112.3097545465191
2024-05-13 13:30:00+00:00,111.23500061035156,112.11212475510278
2024-05-13 14:30:00+00:00,111.2699966430664,111.27044140298682
2024-05-13 15:30:00+00:00,111.12000274658205,111.27529409127301
2024-05-13 16:30:00+00:00,110.74500274658205,111.13154198237491
2024-05-13 17:30:00+00:00,110.41000366210938,110.76129321073297
2024-05-13 18:30:00+00:00,110.31999969482422,110.41004037216214
2024-05-13 19:30:00+00:00,109.75,110.32868399727525
2024-05-14 13:30:00+00:00,110.20339965820312,109.76968332391951
2024-05-14 14:30:00+00:00,110.21499633789062,110.1891219899441
2024-05-14 15:30:00+00:00,110.08000183105467,110.22789797670363
2024-05-14 16:30:00+00:00,109.93000030517578,110.10379580978184
2024-05-14 17:30:00+00:00,110.4000015258789,109.94128696854496
2024-05-14 18:30:00+00:00,110.51000213623048,110.41258589204935
2024-05-14 19:30:00+00:00,110.8499984741211,110.53385423298396
2024-05-15 13:30:00+00:00,111.81500244140624,110.86717621527156
2024-05-15 14:30:00+00:00,112.03500366210938,111.82206230575815
2024-05-15 15:30:00+00:00,113.58999633789062,112.08593044889595
2024-05-15 16:30:00+00:00,114.04000091552734,113.6012635456871
2024-05-15 17:30:00+00:00,114.16999816894533,114.10466248136288
2024-05-15 18:30:00+00:00,114.68000030517578,114.24538024521223
2024-05-15 19:30:00+00:00,115.3000030517578,114.71677690016581
2024-05-16 13:30:00+00:00,114.70500183105467,115.3596707893164
2024-05-16 14:30:00+00:00,114.76000213623048,114.77184783377125
2024-05-16 15:30:00+00:00,114.0,114.78317886510514
2024-05-16 16:30:00+00:00,113.41500091552734,114.04278953990675
2024-05-16 17:30:00+00:00,113.02999877929688,113.43812051985387
2024-05-16 18:30:00+00:00,113.52999877929688,113.01936033904425
2024-05-16 19:30:00+00:00,112.6999969482422,113.51645370205017
2024-05-17 13:30:00+00:00,113.4000015258789,112.72354096587341
2024-05-17 14:30:00+00:00,112.55999755859376,113.37935284174038
2024-05-17 15:30:00+00:00,113.06999969482422,112.59921301980683
2024-05-17 16:30:00+00:00,112.97000122070312,113.07073133211605
2024-05-17 17:30:00+00:00,112.31999969482422,112.98211307626522
2024-05-17 18:30:00+00:00,112.72000122070312,112.36756133385971
2024-05-17 19:30:00+00:00,113.06999969482422,112.69967118475027
2024-05-20 13:30:00+00:00,113.7300033569336,113.09019791709541
2024-05-20 14:30:00+00:00,113.54000091552734,113.74389874301012
2024-05-20 15:30:00+00:00,113.20999908447266,113.577180087151
2024-05-20 16:30:00+00:00,113.36000061035156,113.25407111221045
2024-05-20 17:30:00+00:00,112.87999725341795,113.37741239427038
2024-05-20 18:30:00+00:00,112.87999725341795,112.92100042656112
2024-05-20 19:30:00+00:00,112.9800033569336,112.88406237178856
2024-05-21 13:30:00+00:00,113.31500244140624,112.98435197529002
2024-05-21 14:30:00+00:00,113.4499969482422,113.32944921552478
2024-05-21 15:30:00+00:00,113.88999938964844,113.46764676144403
2024-05-21 16:30:00+00:00,113.70999908447266,113.90993068093466
2024-05-21 17:30:00+00:00,114.21499633789062,113.75199717065037
2024-05-21 18:30:00+00:00,114.5500030517578,114.23396874125795
2024-05-21 19:30:00+00:00,114.6999969482422,114.57881009326384
2024-05-22 13:30:00+00:00,114.54499816894533,114.74136116172916
2024-05-22 14:30:00+00:00,114.13500213623048,114.5785603317094
2024-05-22 15:30:00+00:00,114.16500091552734,114.17542857192258
2024-05-22 16:30:00+00:00,114.19000244140624,114.17944174780519
2024-05-22 17:30:00+00:00,113.36000061035156,114.20580547886382
2024-05-22 18:30:00+00:00,113.58000183105467,113.39378121058158
2024-05-22 19:30:00+00:00,113.87999725341795,113.56661238421003
2024-05-23 13:30:00+00:00,113.73999786376952,113.88600607122825
2024-05-23 14:30:00+00:00,114.04000091552734,113.76890654319851
2024-05-23 15:30:00+00:00,114.08000183105467,114.04041187258419
2024-05-23 16:30:00+00:00,113.70999908447266,114.11096326508441
2024-05-23 17:30:00+00:00,112.73999786376952,113.74938310938481
2024-05-23 18:30:00+00:00,112.41999816894533,112.77228062644954
2024-05-23 19:30:00+00:00,112.91000366210938,112.42209731890298
2024-05-24 13:30:00+00:00,114.97000122070312,112.89358160445346
2024-05-24 14:30:00+00:00,115.6449966430664,114.9419162593581
2024-05-24 15:30:00+00:00,115.41000366210938,115.68951878577143
2024-05-24 16:30:00+00:00,115.41999816894533,115.47506952599743
2024-05-24 17:30:00+00:00,115.3499984741211,115.46423413721477
2024-05-24 18:30:00+00:00,115.38999938964844,115.41217370704945
2024-05-24 19:30:00+00:00,115.51000213623048,115.42020874992721
2024-05-28 13:30:00+00:00,116.06999969482422,115.5240232160534
2024-05-28 14:30:00+00:00,116.27999877929688,116.0834315732329
2024-05-28 15:30:00+00:00,116.04000091552734,116.31076845190357
2024-05-28 16:30:00+00:00,115.75499725341795,116.07919459648453
2024-05-28 17:30:00+00:00,115.6500015258789,115.78344285116049
2024-05-28 18:30:00+00:00,115.79499816894533,115.67478354672512
2024-05-28 19:30:00+00:00,115.62000274658205,115.80986583064364
2024-05-29 13:30:00+00:00,113.66000366210938,115.64018733114925
2024-05-29 14:30:00+00:00,113.05999755859376,113.7082615745682
2024-05-29 15:30:00+00:00,112.76619720458984,113.04096156513158
2024-05-29 16:30:00+00:00,112.83999633789062,112.75298787022392
2024-05-29 17:30:00+00:00,113.25,112.82924366768006
2024-05-29 18:30:00+00:00,113.48999786376952,113.2191930221214
2024-05-29 19:30:00+00:00,113.19000244140624,113.50363052120653
2024-05-30 13:30:00+00:00,114.2249984741211,113.2201898486399
2024-05-30 14:30:00+00:00,115.06500244140624,114.22637125695763
2024-05-30 15:30:00+00:00,115.16500091552734,115.10117645464122
2024-05-30 16:30:00+00:00,115.95999908447266,115.22020648263374
2024-05-30 17:30:00+00:00,116.28500366210938,115.98102115856429
2024-05-30 18:30:00+00:00,116.37000274658205,116.34567333643679
2024-05-30 19:30:00+00:00,116.7699966430664,116.42542450947174
2024-05-31 13:30:00+00:00,116.88500213623048,116.79751779162312
2024-05-31 14:30:00+00:00,116.51000213623048,116.93258823722505
2024-05-31 15:30:00+00:00,114.04000091552734,116.55213618927313
2024-05-31 16:30:00+00:00,114.13500213623048,114.09242350336744
2024-05-31 17:30:00+00:00,113.72000122070312,114.0968339644586
2024-05-31 18:30:00+00:00,114.26000213623048,113.71509037912958
2024-05-31 19:30:00+00:00,116.16000366210938,114.24423428134335
2024-06-03 13:30:00+00:00,115.68000030517578,116.11938632093832
2024-06-03 14:30:00+00:00,115.71499633789062,115.76234021341186
2024-06-03 15:30:00+00:00,114.80999755859376,115.73865275834623
2024-06-03 16:30:00+00:00,115.23999786376952,114.84720408077685
2024-06-03 17:30:00+00:00,115.16000366210938,115.26895807351713
2024-06-03 18:30:00+00:00,116.2249984741211,115.17389674700438
2024-06-03 19:30:00+00:00,116.62000274658205,116.23240763674683
2024-06-04 13:30:00+00:00,115.49500274658205,116.64388993369371
2024-06-04 14:30:00+00:00,114.5,115.5606750329046
2024-06-04 15:30:00+00:00,114.12000274658205,114.50820385692491
2024-06-04 16:30:00+00:00,114.20999908447266,114.13264205442134
2024-06-04 17:30:00+00:00,114.71499633789062,114.22185690981424
2024-06-04 18:30:00+00:00,114.5,114.70814778054114
2024-06-04 19:30:00+00:00,113.8499984741211,114.51667471481866
2024-06-05 13:30:00+00:00,114.8499984741211,113.86935694477418
2024-06-05 14:30:00+00:00,115.96499633789062,114.8404589861635
2024-06-05 15:30:00+00:00,115.88999938964844,115.99882907788859
2024-06-05 16:30:00+00:00,115.75,115.9397977002642
2024-06-05 17:30:00+00:00,115.66999816894533,115.76473378916455
2024-06-05 18:30:00+00:00,115.87999725341795,115.70724193808711
2024-06-05 19:30:00+00:00,116.25,115.91815578331413
2024-06-06 13:30:00+00:00,116.61000061035156,116.26845026702144
2024-06-06 14:30:00+00:00,115.5999984741211,116.63288230786009
2024-06-06 15:30:00+00:00,114.31749725341795,115.64224153293243
2024-06-06 16:30:00+00:00,113.73999786376952,114.33809826672872
2024-06-06 17:30:00+00:00,113.23560333251952,113.74008578416063
2024-06-06 18:30:00+00:00,112.6500015258789,113.24864336732655
2024-06-06 19:30:00+00:00,112.9499969482422,112.64016786728277
2024-06-07 13:30:00+00:00,112.875,112.92443632896672
2024-06-07 14:30:00+00:00,113.33000183105467,112.8867049511904
2024-06-07 15:30:00+00:00,113.9000015258789,113.33603549749459
2024-06-07 16:30:00+00:00,113.83999633789062,113.9115069093095
2024-06-07 17:30:00+00:00,113.51499938964844,113.88251379606706
2024-06-07 18:30:00+00:00,113.4800033569336,113.53827029147782
2024-06-07 19:30:00+00:00,112.38999938964844,113.50022001421898
2024-06-10 13:30:00+00:00,116.12999725341795,112.42846907978306
2024-06-10 14:30:00+00:00,116.81999969482422,116.0710956336119
2024-06-10 15:30:00+00:00,117.0999984741211,116.9008761623666
2024-06-10 16:30:00+00:00,117.27999877929688,117.15603513253676
2024-06-10 17:30:00+00:00,117.87999725341795,117.27358424014075
2024-06-10 18:30:00+00:00,118.27999877929688,117.97696766639588
2024-06-10 19:30:00+00:00,118.8499984741211,118.32688600424324
2024-06-11 13:30:00+00:00,117.38999938964844,118.88489086308009
2024-06-11 14:30:00+00:00,116.93000030517578,117.44688772791436
2024-06-11 15:30:00+00:00,115.93000030517578,116.93949026300878
2024-06-11 16:30:00+00:00,116.06999969482422,115.95087180411626
2024-06-11 17:30:00+00:00,116.88999938964844,116.0777467931621
2024-06-11 18:30:00+00:00,116.86000061035156,116.87118506974987
2024-06-11 19:30:00+00:00,116.72000122070312,116.89338953863813
2024-06-12 13:30:00+00:00,119.16000366210938,116.72293668726088
2024-06-12 14:30:00+00:00,119.09500122070312,119.1529345090657
2024-06-12 15:30:00+00:00,119.0,119.1874530236041
2024-06-12 16:30:00+00:00,119.08999633789062,119.03660313128228
2024-06-12 17:30:00+00:00,118.93499755859376,119.10017903063456
2024-06-12 18:30:00+00:00,118.58499908447266,119.00619999962643
2024-06-12 19:30:00+00:00,118.41999816894533,118.60670802046745
2024-06-13 13:30:00+00:00,115.6500015258789,118.4326511266546
2024-06-13 14:30:00+00:00,114.9749984741211,115.6948632646535
2024-06-13 15:30:00+00:00,115.0,114.93304241578687
2024-06-13 16:30:00+00:00,115.68000030517578,114.97844893863011
2024-06-13 17:30:00+00:00,115.77999877929688,115.697192336811
2024-06-13 18:30:00+00:00,116.20999908447266,115.76795294826928
2024-06-13 19:30:00+00:00,116.2699966430664,116.2217233284397
2024-06-14 13:30:00+00:00,115.37999725341795,116.29854512099745
2024-06-14 14:30:00+00:00,115.22000122070312,115.4218567196558
2024-06-14 15:30:00+00:00,114.98999786376952,115.2216217942607
2024-06-14 16:30:00+00:00,116.13500213623048,115.01074746792146
2024-06-14 17:30:00+00:00,116.12000274658205,116.14530543708852
2024-06-14 18:30:00+00:00,115.65499877929688,116.15142790844644
2024-06-14 19:30:00+00:00,115.88999938964844,115.6816314689104
2024-06-17 13:30:00+00:00,115.62000274658205,115.88949249333184
2024-06-17 14:30:00+00:00,115.19000244140624,115.6657419367379
2024-06-17 15:30:00+00:00,115.54000091552734,115.21080627940992
2024-06-17 16:30:00+00:00,115.70999908447266,115.53796826483213
2024-06-17 17:30:00+00:00,116.38999938964844,115.73989634949193
2024-06-17 18:30:00+00:00,116.93499755859376,116.40788543172887
2024-06-17 19:30:00+00:00,116.31999969482422,116.95849260736156
2024-06-18 13:30:00+00:00,116.5999984741211,116.36540871897218
2024-06-18 14:30:00+00:00,115.87999725341795,116.60669014749594
2024-06-18 15:30:00+00:00,116.93000030517578,115.9187032259737
2024-06-18 16:30:00+00:00,117.2699966430664,116.93857267556422
2024-06-18 17:30:00+00:00,117.16000366210938,117.29642862270225
2024-06-18 18:30:00+00:00,117.23500061035156,117.20213496301733
2024-06-18 19:30:00+00:00,117.36000061035156,117.23538394841401
2024-06-20 13:30:00+00:00,117.56500244140624,117.39799631411967
2024-06-20 14:30:00+00:00,117.69000244140624,117.593986956769
2024-06-20 15:30:00+00:00,117.44000244140624,117.71263196720413
2024-06-20 16:30:00+00:00,117.37000274658205,117.46746155577087
2024-06-20 17:30:00+00:00,118.33000183105467,117.38769370311404
2024-06-20 18:30:00+00:00,118.04499816894533,118.3433155404612
2024-06-20 19:30:00+00:00,118.45999908447266,118.09321073025808
2024-06-21 13:30:00+00:00,117.46499633789062,118.47053888191056
2024-06-21 14:30:00+00:00,117.62000274658205,117.49807920789893
2024-06-21 15:30:00+00:00,117.25,117.63723078989982
2024-06-21 16:30:00+00:00,117.0250015258789,117.26841245300315
2024-06-21 17:30:00+00:00,117.16999816894533,117.05251201274582
2024-06-21 18:30:00+00:00,117.16000366210938,117.16428070883515
2024-06-21 19:30:00+00:00,117.7699966430664,117.18837721279067
2024-06-24 13:30:00+00:00,118.3855972290039,117.77959276416405
2024-06-24 14:30:00+00:00,119.1999969482422,118.41015280276578
2024-06-24 15:30:00+00:00,119.25,119.23302230190947
2024-06-24 16:30:00+00:00,118.79499816894533,119.28852256793051
2024-06-24 17:30:00+00:00,118.41000366210938,118.83101414584232
2024-06-24 18:30:00+00:00,118.68000030517578,118.43015160531863
2024-06-24 19:30:00+00:00,118.27999877929688,118.70330546554615
2024-06-25 13:30:00+00:00,117.93000030517578,118.31373099530231
2024-06-25 14:30:00+00:00,118.3000030517578,117.93987194131466
2024-06-25 15:30:00+00:00,118.19000244140624,118.30059987081376
2024-06-25 16:30:00+00:00,118.0531005859375,118.22674233238574
2024-06-25 17:30:00+00:00,118.22000122070312,118.06906087118989
2024-06-25 18:30:00+00:00,118.44000244140624,118.22805945495863
2024-06-25 19:30:00+00:00,118.45999908447266,118.46964134746244
2024-06-26 13:30:00+00:00,117.16000366210938,118.4854696840109
2024-06-26 14:30:00+00:00,117.77999877929688,117.19026765217644
2024-06-26 15:30:00+00:00,117.97000122070312,117.76718605337435
2024-06-26 16:30:00+00:00,117.88500213623048,118.00316826544665
2024-06-26 17:30:00+00:00,117.97000122070312,117.92008650492774
2024-06-26 18:30:00+00:00,118.0500030517578,117.96315389550132
2024-06-26 19:30:00+00:00,118.13999938964844,118.08139649359373
2024-06-27 13:30:00+00:00,117.68000030517578,118.16589033562961
2024-06-27 14:30:00+00:00,117.62999725341795,117.70573700786771
2024-06-27 15:30:00+00:00,118.01000213623048,117.6424198311678
2024-06-27 16:30:00+00:00,118.08000183105467,118.02573388566778
2024-06-27 17:30:00+00:00,118.1050033569336,118.11251097911908
2024-06-27 18:30:00+00:00,117.88500213623048,118.12083717623707
2024-06-27 19:30:00+00:00,118.0199966430664,117.90597285303222
2024-06-28 13:30:00+00:00,118.66000366210938,118.04102481624015
2024-06-28 14:30:00+00:00,118.5999984741211,118.67839773562481
2024-06-28 15:30:00+00:00,118.13500213623048,118.6376709669335
2024-06-28 16:30:00+00:00,118.33499908447266,118.15648262048362
2024-06-28 17:30:00+00:00,118.4749984741211,118.34306507827326
2024-06-28 18:30:00+00:00,118.47000122070312,118.50909404001378
2024-06-28 19:30:00+00:00,118.0999984741211,118.49598521772162
2024-07-01 13:30:00+00:00,117.68000030517578,118.1158830654015
2024-07-01 14:30:00+00:00,117.41000366210938,117.69979905138797
2024-07-01 15:30:00+00:00,118.20999908447266,117.42576615929895
2024-07-01 16:30:00+00:00,119.06500244140624,118.21822770442392
2024-07-01 17:30:00+00:00,118.87000274658205,119.09040738942812
2024-07-01 18:30:00+00:00,118.79000091552734,118.90625909306019
2024-07-01 19:30:00+00:00,118.76000213623048,118.80071057433895
2024-07-02 13:30:00+00:00,118.51000213623048,118.78926562039544
2024-07-02 14:30:00+00:00,118.93499755859376,118.54864424464272
2024-07-02 15:30:00+00:00,119.12000274658205,118.94404207070767
2024-07-02 16:30:00+00:00,119.18800354003906,119.14659801999183
2024-07-02 17:30:00+00:00,119.61499786376952,119.21415438553149
2024-07-02 18:30:00+00:00,119.90989685058594,119.6275460161398
2024-07-02 19:30:00+00:00,120.02999877929688,119.94433000398688
2024-07-03 13:30:00+00:00,119.6500015258789,120.06050104076904
2024-07-03 14:30:00+00:00,119.37999725341795,119.67687328839008
2024-07-03 15:30:00+00:00,119.7249984741211,119.40212917865829
2024-07-05 13:30:00+00:00,118.19000244140624,119.74175706267381
2024-07-05 14:30:00+00:00,118.34500122070312,118.2363806759662
2024-07-05 15:30:00+00:00,118.68000030517578,118.32813266836467
2024-07-05 16:30:00+00:00,119.02999877929688,118.69020290486061
2024-07-05 17:30:00+00:00,118.9000015258789,119.06957299820859
2024-07-05 18:30:00+00:00,118.95999908447266,118.9031272795954
2024-07-05 19:30:00+00:00,118.75,118.97946702897113
2024-07-08 13:30:00+00:00,117.93000030517578,118.7778107974477
2024-07-08 14:30:00+00:00,117.83999633789062,117.96100048598976
2024-07-08 15:30:00+00:00,116.52999877929688,117.84193061052925
2024-07-08 16:30:00+00:00,116.08499908447266,116.56071920340767
2024-07-08 17:30:00+00:00,116.30999755859376,116.08167734780679
2024-07-08 18:30:00+00:00,116.02999877929688,116.30193930609346
2024-07-08 19:30:00+00:00,115.9800033569336,116.06215654582262
2024-07-09 13:30:00+00:00,116.16000366210938,115.97563762811308
2024-07-09 14:30:00+00:00,116.15499877929688,116.16773574291715
2024-07-09 15:30:00+00:00,116.86000061035156,116.18411945870116
2024-07-09 16:30:00+00:00,117.66000366210938,116.87008741200097
2024-07-09 17:30:00+00:00,117.33999633789062,117.68701753671237
2024-07-09 18:30:00+00:00,117.0,117.38537974117213
2024-07-09 19:30:00+00:00,116.68000030517578,117.01442049997225
2024-07-10 13:30:00+00:00,117.33000183105467,116.70126018800312
2024-07-10 14:30:00+00:00,117.47000122070312,117.35288120796997
2024-07-10 15:30:00+00:00,117.9000015258789,117.49846070577536
2024-07-10 16:30:00+00:00,118.16000366210938,117.91767836919713
2024-07-10 17:30:00+00:00,118.19000244140624,118.17846656958001
2024-07-10 18:30:00+00:00,118.93000030517578,118.22707073093518
2024-07-10 19:30:00+00:00,119.25,118.94603187294345
2024-07-11 13:30:00+00:00,119.9800033569336,119.29016886936061
2024-07-11 14:30:00+00:00,120.16999816894533,120.00919197361206
2024-07-11 15:30:00+00:00,120.2699966430664,120.20302807226427
2024-07-11 16:30:00+00:00,120.33000183105467,120.30831226935858
2024-07-11 17:30:00+00:00,120.27999877929688,120.35522152936079
2024-07-11 18:30:00+00:00,120.47000122070312,120.3152153975981
2024-07-11 19:30:00+00:00,121.11000061035156,120.49189402089021
2024-07-12 13:30:00+00:00,122.37999725341795,121.13231409808454
2024-07-12 14:30:00+00:00,122.5999984741211,122.40975544116102
2024-07-12 15:30:00+00:00,121.89939880371094,122.64897524599193
2024-07-12 16:30:00+00:00,121.45999908447266,121.93364596611414
2024-07-12 17:30:00+00:00,120.84519958496094,121.47400126026682
2024-07-12 18:30:00+00:00,120.8000030517578,120.88049021385812
2024-07-12 19:30:00+00:00,120.58999633789062,120.81625776144968
2024-07-15 13:30:00+00:00,121.01000213623048,120.6009727016467
2024-07-15 14:30:00+00:00,121.94000244140624,121.02107335960329
2024-07-15 15:30:00+00:00,121.9499969482422,121.9554785131469
2024-07-15 16:30:00+00:00,121.29000091552734,121.99345989304005
2024-07-15 17:30:00+00:00,121.44000244140624,121.31018127569203
2024-07-15 18:30:00+00:00,121.80500030517578,121.44740218254404
2024-07-15 19:30:00+00:00,122.52999877929688,121.84265092069566
2024-07-16 13:30:00+00:00,123.8542022705078,122.56073873126672
2024-07-16 14:30:00+00:00,123.73999786376952,123.87409230171649
2024-07-16 15:30:00+00:00,123.4499969482422,123.79172748109191
2024-07-16 16:30:00+00:00,123.14759826660156,123.47325907256916
2024-07-16 17:30:00+00:00,123.38500213623048,123.1670462483067
2024-07-16 18:30:00+00:00,122.87999725341795,123.42442423029384
2024-07-16 19:30:00+00:00,124.0,122.90945766695594
2024-07-17 13:30:00+00:00,120.74500274658205,124.00385193617875
2024-07-17 14:30:00+00:00,121.49500274658205,120.81363949968394
2024-07-17 15:30:00+00:00,121.02999877929688,121.4385309695448
2024-07-17 16:30:00+00:00,120.73999786376952,121.06250238764642
2024-07-17 17:30:00+00:00,120.80999755859376,120.79626295376111
2024-07-17 18:30:00+00:00,121.48500061035156,120.76005612817055
2024-07-17 19:30:00+00:00,121.25,121.5155560129531
2024-07-18 13:30:00+00:00,122.50499725341795,121.28558612058984
2024-07-18 14:30:00+00:00,121.08999633789062,122.5015986361631
2024-07-18 15:30:00+00:00,120.5,121.15919433583763
2024-07-18 16:30:00+00:00,121.41000366210938,120.50436159214209
2024-07-18 17:30:00+00:00,120.76000213623048,121.39239697440466
2024-07-18 18:30:00+00:00,120.47000122070312,120.84311449329176
2024-07-18 19:30:00+00:00,120.31999969482422,120.46439809127206
2024-07-19 13:30:00+00:00,120.40499877929688,120.31949352952026
2024-07-19 14:30:00+00:00,120.98999786376952,120.44035685279331
2024-07-19 15:30:00+00:00,120.97000122070312,120.9976421032738
2024-07-19 16:30:00+00:00,120.58000183105467,121.00225714698267
2024-07-19 17:30:00+00:00,120.69000244140624,120.60360006004196
2024-07-19 18:30:00+00:00,121.11499786376952,120.69750716289366
2024-07-19 19:30:00+00:00,120.48999786376952,121.14256954798374
2024-07-22 13:30:00+00:00,122.98500061035156,120.53253716011885
2024-07-22 14:30:00+00:00,123.2300033569336,122.94783406556147
2024-07-22 15:30:00+00:00,123.45999908447266,123.305284347375
2024-07-22 16:30:00+00:00,123.73999786376952,123.50076851771776
2024-07-22 17:30:00+00:00,123.65460205078124,123.73271897385267
2024-07-22 18:30:00+00:00,123.76000213623048,123.72215380582233
2024-07-22 19:30:00+00:00,124.0500030517578,123.7811984297282
2024-07-23 13:30:00+00:00,124.19000244140624,124.0718509086428
2024-07-23 14:30:00+00:00,124.37680053710938,124.22304099894842
2024-07-23 15:30:00+00:00,124.81999969482422,124.39852336212067
2024-07-23 16:30:00+00:00,124.79000091552734,124.84047246071087
2024-07-23 17:30:00+00:00,125.06999969482422,124.82783257025868
2024-07-23 18:30:00+00:00,125.16999816894533,125.08976856546805
2024-07-23 19:30:00+00:00,124.83999633789062,125.19734685208599
2024-07-24 13:30:00+00:00,124.76000213623048,124.87789933744666
2024-07-24 14:30:00+00:00,124.4800033569336,124.77304583415243
2024-07-24 15:30:00+00:00,124.86000061035156,124.50735500448577
2024-07-24 16:30:00+00:00,124.7699966430664,124.87481044446966
2024-07-24 17:30:00+00:00,123.74500274658205,124.79816945128427
2024-07-24 18:30:00+00:00,122.70999908447266,123.78190398154737
2024-07-24 19:30:00+00:00,121.73999786376952,122.71262511080094
2024-07-25 13:30:00+00:00,121.20999908447266,121.7520375115581
2024-07-25 14:30:00+00:00,123.16000366210938,121.21727450975091
2024-07-25 15:30:00+00:00,124.06999969482422,123.13893129232383
2024-07-25 16:30:00+00:00,123.37999725341795,124.12454815915156
2024-07-25 17:30:00+00:00,122.59500122070312,123.42102075538634
2024-07-25 18:30:00+00:00,122.33999633789062,122.5798272487941
2024-07-25 19:30:00+00:00,121.6500015258789,122.37218615530621
2024-07-26 13:30:00+00:00,122.56500244140624,121.69689917279965
2024-07-26 14:30:00+00:00,122.83989715576172,122.56094766239258
2024-07-26 15:30:00+00:00,122.98999786376952,122.87092414363784
2024-07-26 16:30:00+00:00,122.76000213623048,123.01950840803876
2024-07-26 17:30:00+00:00,121.78240203857422,122.76480422917234
2024-07-26 18:30:00+00:00,122.54000091552734,121.82113783303011
2024-07-26 19:30:00+00:00,122.19000244140624,122.53615421097741
2024-07-29 13:30:00+00:00,122.3499984741211,122.24058702057886
2024-07-29 14:30:00+00:00,122.58000183105467,122.36971999959233
2024-07-29 15:30:00+00:00,122.7699966430664,122.57663489575566
2024-07-29 16:30:00+00:00,121.8499984741211,122.81238599082852
2024-07-29 17:30:00+00:00,121.9499969482422,121.87839561675587
2024-07-29 18:30:00+00:00,122.0250015258789,121.95014680609532
2024-07-29 19:30:00+00:00,122.0999984741211,122.05188663728396
2024-07-30 13:30:00+00:00,123.79000091552734,122.13755458360998
2024-07-30 14:30:00+00:00,123.4000015258789,123.77742731943329
2024-07-30 15:30:00+00:00,122.87999725341795,123.4641270920155
2024-07-30 16:30:00+00:00,122.20999908447266,122.8964482252475
2024-07-30 17:30:00+00:00,122.69000244140624,122.2070211030263
2024-07-30 18:30:00+00:00,122.50499725341795,122.72882975526663
2024-07-30 19:30:00+00:00,122.66999816894533,122.54243807148828
2024-07-31 13:30:00+00:00,124.70999908447266,122.68511280172142
2024-07-31 14:30:00+00:00,125.08000183105467,124.69493580597275
2024-07-31 15:30:00+00:00,125.33999633789062,125.15044009311451
2024-07-31 16:30:00+00:00,124.91999816894533,125.3567621747091
2024-07-31 17:30:00+00:00,125.22000122070312,124.92341861088613
2024-07-31 18:30:00+00:00,125.7750015258789,125.25635784001027
2024-07-31 19:30:00+00:00,125.31999969482422,125.80217839259966
2024-08-01 13:30:00+00:00,122.2699966430664,125.36883697311356
2024-08-01 14:30:00+00:00,118.6999969482422,122.30068874909007
2024-08-01 15:30:00+00:00,118.2750015258789,118.65781102158223
2024-08-01 16:30:00+00:00,116.4800033569336,118.25502403802648
2024-08-01 17:30:00+00:00,116.33999633789062,116.52374084856511
2024-08-01 18:30:00+00:00,115.6999969482422,116.30946482597285
2024-08-01 19:30:00+00:00,116.0199966430664,115.65675976064858
2024-08-02 13:30:00+00:00,105.76000213623048,116.03808916106695
2024-08-02 14:30:00+00:00,104.2300033569336,105.7699877149538
2024-08-02 15:30:00+00:00,105.25,103.88791157945786
2024-08-02 16:30:00+00:00,104.94000244140624,105.23627008568891
2024-08-02 17:30:00+00:00,104.38999938964844,104.93343091071861
2024-08-02 18:30:00+00:00,103.9499969482422,104.16170500670553
2024-08-02 19:30:00+00:00,103.5199966430664,103.9381416157161
2024-08-05 13:30:00+00:00,99.04000091552734,103.55869635189025
2024-08-05 14:30:00+00:00,101.44499969482422,98.98893115252571
2024-08-05 15:30:00+00:00,101.22000122070312,101.3686166141093
2024-08-05 16:30:00+00:00,100.4499969482422,101.26861753963202
2024-08-05 17:30:00+00:00,99.91999816894533,100.43955174589169
2024-08-05 18:30:00+00:00,99.68000030517578,99.8690227099316
2024-08-05 19:30:00+00:00,99.20999908447266,99.74432716762603
2024-08-06 13:30:00+00:00,105.0,99.21755831084279
2024-08-06 14:30:00+00:00,105.0,105.01417770509798
2024-08-06 15:30:00+00:00,105.86139678955078,105.13854416148165
2024-08-06 16:30:00+00:00,105.16999816894533,105.91926711930347
2024-08-06 17:30:00+00:00,105.31500244140624,105.26603882196021
2024-08-06 18:30:00+00:00,105.51499938964844,105.44759578211874
2024-08-06 19:30:00+00:00,103.51000213623048,105.56024244818127
2024-08-07 13:30:00+00:00,105.36499786376952,103.5599929700009
2024-08-07 14:30:00+00:00,105.30999755859376,105.33455539802299
2024-08-07 15:30:00+00:00,105.18000030517578,105.38792573136459
2024-08-07 16:30:00+00:00,104.43000030517578,105.21150771664597
2024-08-07 17:30:00+00:00,103.48999786376952,104.43531338889709
2024-08-07 18:30:00+00:00,103.54000091552734,103.54930419915945
2024-08-07 19:30:00+00:00,103.18000030517578,103.54815616538293
2024-08-08 13:30:00+00:00,104.25,103.20611228108308
2024-08-08 14:30:00+00:00,103.3499984741211,104.25192017717919
2024-08-08 15:30:00+00:00,102.6500015258789,103.39125674558719
2024-08-08 16:30:00+00:00,102.97000122070312,102.6652680525444
2024-08-08 17:30:00+00:00,103.58000183105467,102.98352597491306
2024-08-08 18:30:00+00:00,103.98999786376952,103.63855074905372
2024-08-08 19:30:00+00:00,103.19000244140624,104.01269898064083
2024-08-09 13:30:00+00:00,104.18499755859376,103.22165648835599
2024-08-09 14:30:00+00:00,104.0999984741211,104.21116425491398
2024-08-09 15:30:00+00:00,103.70999908447266,104.17436203550268
2024-08-09 16:30:00+00:00,103.9800033569336,103.74977768423287
2024-08-09 17:30:00+00:00,104.11499786376952,103.99274055396661
2024-08-09 18:30:00+00:00,104.6999969482422,104.17747743711705
2024-08-09 19:30:00+00:00,104.73999786376952,104.732108369928
2024-08-12 13:30:00+00:00,103.30999755859376,104.78113705869713
2024-08-12 14:30:00+00:00,102.98999786376952,103.3579156381523
2024-08-12 15:30:00+00:00,103.11000061035156,103.00015938845667
2024-08-12 16:30:00+00:00,102.9250030517578,103.14876589279396
2024-08-12 17:30:00+00:00,102.88999938964844,102.95285453894621
2024-08-12 18:30:00+00:00,102.96499633789062,102.88329466297348
2024-08-12 19:30:00+00:00,103.06999969482422,102.99081296967468
2024-08-13 13:30:00+00:00,104.4000015258789,103.10708223997774
2024-08-13 14:30:00+00:00,104.79000091552734,104.42923842704126
2024-08-13 15:30:00+00:00,104.55999755859376,104.85365585110932
2024-08-13 16:30:00+00:00,104.73500061035156,104.60888301610755
2024-08-13 17:30:00+00:00,104.48999786376952,104.77638656201803
2024-08-13 18:30:00+00:00,104.30500030517578,104.5632264015909
2024-08-13 19:30:00+00:00,104.61000061035156,104.34274839698304
2024-08-14 13:30:00+00:00,105.37999725341795,104.63492033534705
2024-08-14 14:30:00+00:00,105.08999633789062,105.4224536832425
2024-08-14 15:30:00+00:00,104.81999969482422,105.13594361278501
2024-08-14 16:30:00+00:00,105.33999633789062,104.84799591204691
2024-08-14 17:30:00+00:00,104.95999908447266,105.37959244553734
2024-08-14 18:30:00+00:00,106.31500244140624,105.02277497022399
2024-08-14 19:30:00+00:00,105.97000122070312,106.33039802228069
2024-08-15 13:30:00+00:00,109.33000183105467,106.03231969995434
2024-08-15 14:30:00+00:00,110.38999938964844,109.35447704576485
2024-08-15 15:30:00+00:00,110.31999969482422,110.51077884920011
2024-08-15 16:30:00+00:00,110.0500030517578,110.42056751928843
2024-08-15 17:30:00+00:00,110.68000030517578,110.10083281849157
2024-08-15 18:30:00+00:00,110.44000244140624,110.79750769383294
2024-08-15 19:30:00+00:00,110.86000061035156,110.51521750997722
2024-08-16 13:30:00+00:00,110.48999786376952,110.88623538887819
2024-08-16 14:30:00+00:00,110.81999969482422,110.53559033555561
2024-08-16 15:30:00+00:00,110.88999938964844,110.85900822470194
2024-08-16 16:30:00+00:00,111.26000213623048,110.9314806819476
2024-08-16 17:30:00+00:00,110.79000091552734,111.30403167784871
2024-08-16 18:30:00+00:00,110.72100067138672,110.83049775074453
2024-08-16 19:30:00+00:00,111.0,110.75359554842221
2024-08-19 13:30:00+00:00,111.5500030517578,111.03777615942786
2024-08-19 14:30:00+00:00,111.6449966430664,111.59636244573855
2024-08-19 15:30:00+00:00,111.21990203857422,111.68352692183512
2024-08-19 16:30:00+00:00,111.26000213623048,111.26033878328265
2024-08-19 17:30:00+00:00,111.28500366210938,111.29668857211122
2024-08-19 18:30:00+00:00,111.5979995727539,111.33512780320008
2024-08-19 19:30:00+00:00,111.58000183105467,111.632483382289
2024-08-20 13:30:00+00:00,109.4749984741211,111.6142353536125
2024-08-20 14:30:00+00:00,109.44000244140624,109.51441447168939
2024-08-20 15:30:00+00:00,109.4800033569336,109.426331606255
2024-08-20 16:30:00+00:00,109.33000183105467,109.51935493211526
2024-08-20 17:30:00+00:00,109.71499633789062,109.34634784046112
2024-08-20 18:30:00+00:00,109.79000091552734,109.69407491637725
2024-08-20 19:30:00+00:00,109.9000015258789,109.83335623947877
2024-08-21 13:30:00+00:00,108.61000061035156,109.93653390669984
2024-08-21 14:30:00+00:00,108.9800033569336,108.6490345407844
2024-08-21 15:30:00+00:00,108.8249969482422,108.9919881867072
2024-08-21 16:30:00+00:00,109.02999877929688,108.870534380275
2024-08-21 17:30:00+00:00,109.5,109.05179888781154
2024-08-21 18:30:00+00:00,109.05999755859376,109.51053550627486
2024-08-21 19:30:00+00:00,109.27999877929688,109.11483571689617
2024-08-22 13:30:00+00:00,109.37999725341795,109.30124570329693
2024-08-22 14:30:00+00:00,108.5250015258789,109.42800442002108
2024-08-22 15:30:00+00:00,109.05999755859376,108.57188664600152
2024-08-22 16:30:00+00:00,108.7699966430664,109.06281915699924
2024-08-22 17:30:00+00:00,109.18000030517578,108.82330179581085
2024-08-22 18:30:00+00:00,108.7300033569336,109.20242059136564
2024-08-22 19:30:00+00:00,108.5,108.7585985809732
2024-08-23 13:30:00+00:00,110.0500030517578,108.53485674078743
2024-08-23 14:30:00+00:00,110.61000061035156,110.06893468813344
2024-08-23 15:30:00+00:00,110.2699966430664,110.68754289050742
2024-08-23 16:30:00+00:00,110.9250030517578,110.30758908576736
2024-08-23 17:30:00+00:00,110.9499969482422,110.95677269839861
2024-08-23 18:30:00+00:00,111.33000183105467,111.04266983289516
2024-08-23 19:30:00+00:00,111.51000213623048,111.37716329776231
2024-08-26 13:30:00+00:00,112.66000366210938,111.55007849614071
2024-08-26 14:30:00+00:00,112.15499877929688,112.71388974517383
2024-08-26 15:30:00+00:00,112.29499816894533,112.22394439943857
2024-08-26 16:30:00+00:00,111.87000274658205,112.33037600749203
2024-08-26 17:30:00+00:00,111.87999725341795,111.92304572425915
2024-08-26 18:30:00+00:00,112.08999633789062,111.92894700263021
2024-08-26 19:30:00+00:00,111.91999816894533,112.11258008577502
2024-08-27 13:30:00+00:00,112.8000030517578,111.96082049392227
2024-08-27 14:30:00+00:00,112.80999755859376,112.8178733398045
2024-08-27 15:30:00+00:00,113.1050033569336,112.8687635665144
2024-08-27 16:30:00+00:00,113.7249984741211,113.1449663192368
2024-08-27 17:30:00+00:00,114.05999755859376,113.76857642169131
2024-08-27 18:30:00+00:00,114.0,114.13296009577941
2024-08-27 19:30:00+00:00,113.62999725341795,114.04813206527581
2024-08-28 13:30:00+00:00,114.0,113.67814920238115
2024-08-28 14:30:00+00:00,113.77999877929688,114.043491640105
2024-08-28 15:30:00+00:00,114.08000183105467,113.83282229982203
2024-08-28 16:30:00+00:00,113.9000015258789,114.10545659177104
2024-08-28 17:30:00+00:00,113.11000061035156,113.93718307264132
2024-08-28 18:30:00+00:00,113.27999877929688,113.15164885489814
2024-08-28 19:30:00+00:00,113.4000015258789,113.29160066289081
2024-08-29 13:30:00+00:00,113.3000030517578,113.44393647028642
2024-08-29 14:30:00+00:00,113.70999908447266,113.32825088818284
2024-08-29 15:30:00+00:00,114.05500030517578,113.72327213468125
2024-08-29 16:30:00+00:00,114.3000030517578,114.10467165094185
2024-08-29 17:30:00+00:00,114.12000274658205,114.34662576144541
2024-08-29 18:30:00+00:00,113.88500213623048,114.16370382055075
2024-08-29 19:30:00+00:00,113.2699966430664,113.93026690082291
2024-08-30 13:30:00+00:00,114.1750030517578,113.31147726773749
2024-08-30 14:30:00+00:00,112.95999908447266,114.19671634998855
2024-08-30 15:30:00+00:00,113.0999984741211,113.0159868229816
2024-08-30 16:30:00+00:00,113.01000213623048,113.0949144306607
2024-08-30 17:30:00+00:00,113.80500030517578,113.03874013136902
2024-08-30 18:30:00+00:00,114.76000213623048,113.84673581032754
2024-08-30 19:30:00+00:00,115.72000122070312,114.78256447647301
2024-09-03 13:30:00+00:00,112.97000122070312,115.78129768878829
2024-09-03 14:30:00+00:00,112.08499908447266,113.04596862980935
2024-09-03 15:30:00+00:00,111.51000213623048,112.08360683296841
2024-09-03 16:30:00+00:00,111.7300033569336,111.55891805884403
2024-09-03 17:30:00+00:00,111.66500091552734,111.75607250099746
2024-09-03 18:30:00+00:00,111.4800033569336,111.63484416718582
2024-09-03 19:30:00+00:00,111.33000183105467,111.48781180043032
2024-09-04 13:30:00+00:00,110.06999969482422,111.34842337781176
2024-09-04 14:30:00+00:00,109.85749816894533,110.10964304174134
2024-09-04 15:30:00+00:00,109.91999816894533,109.85891401464198
2024-09-04 16:30:00+00:00,109.25,109.94594098374353
2024-09-04 17:30:00+00:00,108.87999725341795,109.27508917827468
2024-09-04 18:30:00+00:00,109.03500366210938,108.86552507029755
2024-09-04 19:30:00+00:00,109.51499938964844,109.0556705180513
2024-09-05 13:30:00+00:00,109.1999969482422,109.54879957097914
2024-09-05 14:30:00+00:00,107.83000183105467,109.22689384662819
2024-09-05 15:30:00+00:00,107.9749984741211,107.8502764082596
2024-09-05 16:30:00+00:00,108.37999725341795,107.98409794372229
2024-09-05 17:30:00+00:00,109.12000274658205,108.4279878301013
2024-09-05 18:30:00+00:00,109.08999633789062,109.14234398048475
2024-09-05 19:30:00+00:00,108.87000274658205,109.10624254807131
2024-09-06 13:30:00+00:00,110.05999755859376,108.90854162450447
2024-09-06 14:30:00+00:00,107.5,110.10291971779849
2024-09-06 15:30:00+00:00,106.62999725341795,107.59230580863706
2024-09-06 16:30:00+00:00,107.69000244140624,106.60344092321769
2024-09-06 17:30:00+00:00,107.4800033569336,107.70611837770318
2024-09-06 18:30:00+00:00,107.91999816894533,107.54862222455273
2024-09-06 19:30:00+00:00,108.0199966430664,107.87814654195965
2024-09-09 13:30:00+00:00,108.68499755859376,108.04711076425974
2024-09-09 14:30:00+00:00,108.1050033569336,108.74222426566725
2024-09-09 15:30:00+00:00,108.55660247802734,108.15270021453063
2024-09-09 16:30:00+00:00,108.62999725341795,108.5864671943965
2024-09-09 17:30:00+00:00,107.36000061035156,108.67989355010901
2024-09-09 18:30:00+00:00,107.83000183105467,107.41254195672309
2024-09-09 19:30:00+00:00,107.55999755859376,107.82341075650291
2024-09-10 13:30:00+00:00,105.6750030517578,107.61548850023988
2024-09-10 14:30:00+00:00,105.93000030517578,105.70665413193032
2024-09-10 15:30:00+00:00,103.94000244140624,105.89583278184037
2024-09-10 16:30:00+00:00,104.13500213623048,103.99489682009163
2024-09-10 17:30:00+00:00,106.25,104.10586646265612
2024-09-10 18:30:00+00:00,107.0999984741211,106.22521546962027
2024-09-10 19:30:00+00:00,106.6999969482422,107.17621350048414
2024-09-11 13:30:00+00:00,104.7699966430664,106.70847050517906
2024-09-11 14:30:00+00:00,104.95999908447266,104.81010395285915
2024-09-11 15:30:00+00:00,106.23999786376952,105.01569213796675
2024-09-11 16:30:00+00:00,107.30999755859376,106.29925091543507
2024-09-11 17:30:00+00:00,108.2300033569336,107.34441402808359
2024-09-11 18:30:00+00:00,108.58999633789062,108.22102480756996
2024-09-11 19:30:00+00:00,108.63999938964844,108.64311311079227
2024-09-12 13:30:00+00:00,110.37000274658205,108.7144783838885
2024-09-12 14:30:00+00:00,111.5999984741211,110.43602709429116
2024-09-12 15:30:00+00:00,111.27999877929688,111.69492566889683
2024-09-12 16:30:00+00:00,111.66500091552734,111.34354629104419
2024-09-12 17:30:00+00:00,111.54000091552734,111.69914579122423
2024-09-12 18:30:00+00:00,111.63999938964844,111.63825170099615
2024-09-12 19:30:00+00:00,112.38999938964844,111.70749420119716
2024-09-13 13:30:00+00:00,114.4800033569336,112.41719705988696
2024-09-13 14:30:00+00:00,115.1999969482422,114.54110368310364
2024-09-13 15:30:00+00:00,114.4250030517578,115.26990916620015
2024-09-13 16:30:00+00:00,115.29000091552734,114.47232964284728
2024-09-13 17:30:00+00:00,115.16000366210938,115.34336646243773
2024-09-13 18:30:00+00:00,114.26799774169922,115.27758007179003
2024-09-13 19:30:00+00:00,114.41999816894533,114.31741213514263
2024-09-16 13:30:00+00:00,115.4250030517578,114.41937817696245
2024-09-16 14:30:00+00:00,115.5,115.48763261021068
2024-09-16 15:30:00+00:00,116.51000213623048,115.54369961257603
2024-09-16 16:30:00+00:00,116.28500366210938,116.52218355670134
2024-09-16 17:30:00+00:00,116.55999755859376,116.34462558911274
2024-09-16 18:30:00+00:00,117.06500244140624,116.62033345703748
2024-09-16 19:30:00+00:00,117.16000366210938,117.11100118224404
2024-09-17 13:30:00+00:00,117.625,117.23253942053702
2024-09-17 14:30:00+00:00,118.29499816894533,117.65672362502566
2024-09-17 15:30:00+00:00,118.23999786376952,118.34932700975438
2024-09-17 16:30:00+00:00,117.77999877929688,118.30231258795844
2024-09-17 17:30:00+00:00,117.625,117.8182336222412
2024-09-17 18:30:00+00:00,117.76000213623048,117.66791713261237
2024-09-17 19:30:00+00:00,117.79000091552734,117.81192330408119
2024-09-18 13:30:00+00:00,118.11000061035156,117.82411198267114
2024-09-18 14:30:00+00:00,118.33000183105467,118.1322075432978
2024-09-18 15:30:00+00:00,118.11000061035156,118.36712299753874
2024-09-18 16:30:00+00:00,118.18000030517578,118.15283350427727
2024-09-18 17:30:00+00:00,118.51499938964844,118.21366546833492
2024-09-18 18:30:00+00:00,118.5500030517578,118.56218226589421
2024-09-18 19:30:00+00:00,117.5999984741211,118.59688326709917
2024-09-19 13:30:00+00:00,121.58999633789062,117.62811456362603
2024-09-19 14:30:00+00:00,122.2699966430664,121.60861676471033
2024-09-19 15:30:00+00:00,121.71499633789062,122.38159213831153
2024-09-19 16:30:00+00:00,121.37000274658205,121.76579245596753
2024-09-19 17:30:00+00:00,121.5500030517578,121.39007387838943
2024-09-19 18:30:00+00:00,121.29499816894533,121.69739702405377
2024-09-19 19:30:00+00:00,121.58999633789062,121.3498029518785
2024-09-20 13:30:00+00:00,121.72000122070312,121.60676763877551
2024-09-20 14:30:00+00:00,122.5,121.7525044807796
2024-09-20 15:30:00+00:00,123.08000183105467,122.54321803904234
2024-09-20 16:30:00+00:00,123.3000030517578,123.12370644277539
2024-09-20 17:30:00+00:00,123.5,123.3553112516275
2024-09-20 18:30:00+00:00,125.16999816894533,123.54853617623688
2024-09-20 19:30:00+00:00,124.56999969482422,125.23730234663051
2024-09-23 13:30:00+00:00,126.47000122070312,124.64942559739427
2024-09-23 14:30:00+00:00,125.11000061035156,126.5067625965349
2024-09-23 15:30:00+00:00,125.11000061035156,125.1992797441864
2024-09-23 16:30:00+00:00,125.19000244140624,125.16631308990695
2024-09-23 17:30:00+00:00,125.37000274658205,125.22057467469891
2024-09-23 18:30:00+00:00,125.08999633789062,125.45293057847942
2024-09-23 19:30:00+00:00,125.2300033569336,125.09465385843812
2024-09-24 13:30:00+00:00,125.1050033569336,125.26269963376383
2024-09-24 14:30:00+00:00,125.26000213623048,125.14840683605358
2024-09-24 15:30:00+00:00,124.97000122070312,125.29805246523252
2024-09-24 16:30:00+00:00,124.9800033569336,125.00419106510431
2024-09-24 17:30:00+00:00,125.08000183105467,125.0151868180119
2024-09-24 18:30:00+00:00,125.08999633789062,125.11488522120486
2024-09-24 19:30:00+00:00,125.05999755859376,125.1315472187727
2024-09-25 13:30:00+00:00,124.81999969482422,125.08993795355904
2024-09-25 14:30:00+00:00,124.28500366210938,124.85819222564992
2024-09-25 15:30:00+00:00,124.6050033569336,124.3217442400763
2024-09-25 16:30:00+00:00,124.58000183105467,124.63191373226302
2024-09-25 17:30:00+00:00,124.5500030517578,124.62057105605827
2024-09-25 18:30:00+00:00,124.41000366210938,124.57711193031837
2024-09-25 19:30:00+00:00,124.52999877929688,124.43441581446461
2024-09-26 13:30:00+00:00,124.9800033569336,124.5727059381593
2024-09-26 14:30:00+00:00,125.09700012207033,125.01741900068268
2024-09-26 15:30:00+00:00,124.81999969482422,125.14035008876284
2024-09-26 16:30:00+00:00,125.16000366210938,124.85689407771613
2024-09-26 17:30:00+00:00,125.5500030517578,125.1975823424857
2024-09-26 18:30:00+00:00,125.38999938964844,125.60530366481575
2024-09-26 19:30:00+00:00,125.45999908447266,125.43611201151266
2024-09-27 13:30:00+00:00,126.0,125.48922477306948
2024-09-27 14:30:00+00:00,126.01000213623048,126.04908042995967
2024-09-27 15:30:00+00:00,126.12000274658205,126.06651777642716
2024-09-27 16:30:00+00:00,125.87999725341795,126.15400023109837
2024-09-27 17:30:00+00:00,125.79000091552734,125.92543761006046
2024-09-27 18:30:00+00:00,126.05999755859376,125.8381437047563
2024-09-27 19:30:00+00:00,125.7699966430664,126.0963262400157
2024-09-30 13:30:00+00:00,123.45999908447266,125.8143996191447
2024-09-30 14:30:00+00:00,124.90499877929688,123.48915663687737
2024-09-30 15:30:00+00:00,124.9499969482422,124.89586637919686
2024-09-30 16:30:00+00:00,124.62999725341795,125.01379281491023
2024-09-30 17:30:00+00:00,123.66999816894533,124.64766757268082
2024-09-30 18:30:00+00:00,124.1999969482422,123.65590958641968
2024-09-30 19:30:00+00:00,124.90499877929688,124.25606638078476
2024-10-01 13:30:00+00:00,128.50999450683594,124.94493057481986
2024-10-01 14:30:00+00:00,130.14889526367188,128.53362558533144
2024-10-01 15:30:00+00:00,132.60000610351562,130.23146994861986
2024-10-01 16:30:00+00:00,131.14500427246094,132.7053656759428
2024-10-01 17:30:00+00:00,132.7100067138672,131.26924998160777
2024-10-01 18:30:00+00:00,132.39999389648438,132.8124162495522
2024-10-01 19:30:00+00:00,132.00999450683594,132.54551611805715
2024-10-02 13:30:00+00:00,134.2899932861328,132.0785083313376
2024-10-02 14:30:00+00:00,134.57000732421875,134.2893431316799
2024-10-02 15:30:00+00:00,134.3249969482422,134.70224268790227
2024-10-02 16:30:00+00:00,134.89999389648438,134.35782814378553
2024-10-02 17:30:00+00:00,134.4499969482422,134.93886526377162
2024-10-02 18:30:00+00:00,133.5449981689453,134.56301346639881
2024-10-02 19:30:00+00:00,132.69000244140625,133.57793939514366
2024-10-03 13:30:00+00:00,131.9600067138672,132.70324348635444
2024-10-03 14:30:00+00:00,130.5749969482422,131.98666406599676
2024-10-03 15:30:00+00:00,131.77999877929688,130.57332330853265
2024-10-03 16:30:00+00:00,130.82000732421875,131.75733990583058
2024-10-03 17:30:00+00:00,131.39500427246094,130.86069732587362
2024-10-03 18:30:00+00:00,131.00999450683594,131.38238865810393
2024-10-03 19:30:00+00:00,131.3249969482422,131.0366163154436
2024-10-04 13:30:00+00:00,134.72000122070312,131.37436439344546
2024-10-04 14:30:00+00:00,134.50999450683594,134.74219754097768
2024-10-04 15:30:00+00:00,133.99000549316406,134.64791919670552
2024-10-04 16:30:00+00:00,134.89500427246094,134.02005493398326
2024-10-04 17:30:00+00:00,135.4149932861328,134.94415602379635
2024-10-04 18:30:00+00:00,135.8800048828125,135.56006514421057
2024-10-04 19:30:00+00:00,135.3000030517578,135.92472755501598
2024-10-07 13:30:00+00:00,134.63999938964844,135.34248245237708
2024-10-07 14:30:00+00:00,135.17999267578125,134.6941255865236
2024-10-07 15:30:00+00:00,134.86500549316406,135.21822111845606
2024-10-07 16:30:00+00:00,134.52000427246094,134.92318553434208
2024-10-07 17:30:00+00:00,134.25999450683594,134.532930956888
2024-10-07 18:30:00+00:00,134.2100067138672,134.27420890199642
2024-10-07 19:30:00+00:00,134.22000122070312,134.25388625816547
2024-10-08 13:30:00+00:00,135.5850067138672,134.2450947874646
2024-10-08 14:30:00+00:00,135.61000061035156,135.61176997598326
2024-10-08 15:30:00+00:00,136.11000061035156,135.67225815142413
2024-10-08 16:30:00+00:00,135.89500427246094,136.15161467173095
2024-10-08 17:30:00+00:00,135.65809631347656,135.95338369645134
2024-10-08 18:30:00+00:00,135.61000061035156,135.7303591637788
2024-10-08 19:30:00+00:00,136.10000610351562,135.64568204873044
2024-10-09 13:30:00+00:00,135.36000061035156,136.14887494498146
2024-10-09 14:30:00+00:00,135.42999267578125,135.40292350777344
2024-10-09 15:30:00+00:00,136.5,135.4457129494354
2024-10-09 16:30:00+00:00,137.10000610351562,136.53848516302912
2024-10-09 17:30:00+00:00,136.7100067138672,137.17175436072293
2024-10-09 18:30:00+00:00,137.08999633789062,136.74611621928076
2024-10-09 19:30:00+00:00,138.00999450683594,137.13005513009006
2024-10-10 13:30:00+00:00,139.10499572753906,138.08803002149259
2024-10-10 14:30:00+00:00,139.3800048828125,139.17984793602164
2024-10-10 15:30:00+00:00,140.3300018310547,139.43926081210466
2024-10-10 16:30:00+00:00,138.71249389648438,140.39771822764172
2024-10-10 17:30:00+00:00,138.56500244140625,138.80619351296403
2024-10-10 18:30:00+00:00,138.3699951171875,138.5998622446146
2024-10-10 19:30:00+00:00,137.9199981689453,138.4144500364924
2024-10-11 13:30:00+00:00,139.42999267578125,137.96907012967793
2024-10-11 14:30:00+00:00,139.33999633789062,139.4125354998229
2024-10-11 15:30:00+00:00,138.74000549316406,139.40785426545798
2024-10-11 16:30:00+00:00,139.07000732421875,138.77457383317196
2024-10-11 17:30:00+00:00,139.53500366210938,139.08908588196317
2024-10-11 18:30:00+00:00,139.22999572753906,139.61966882345445
2024-10-11 19:30:00+00:00,140.22000122070312,139.27539831973698
2024-10-14 13:30:00+00:00,140.0800018310547,140.23862478780373
2024-10-14 14:30:00+00:00,140.92999267578125,140.1513348651706
2024-10-14 15:30:00+00:00,141.11000061035156,140.9798799458065
2024-10-14 16:30:00+00:00,140.97999572753906,141.16457011846092
2024-10-14 17:30:00+00:00,141.16000366210938,141.05294731984966
2024-10-14 18:30:00+00:00,141.1999969482422,141.1969369174715
2024-10-14 19:30:00+00:00,141.35000610351562,141.26695089924678
2024-10-15 13:30:00+00:00,141.28500366210938,141.3952982444533
2024-10-15 14:30:00+00:00,141.0500030517578,141.3254567213868
2024-10-15 15:30:00+00:00,141.86000061035156,141.09382842172502
2024-10-15 16:30:00+00:00,142.0,141.8949079677487
2024-10-15 17:30:00+00:00,141.7949981689453,142.06106128234586
2024-10-15 18:30:00+00:00,141.6300048828125,141.8383981944252
2024-10-15 19:30:00+00:00,141.60000610351562,141.66293992527542
2024-10-16 13:30:00+00:00,142.3000030517578,141.65790740436734
2024-10-16 14:30:00+00:00,142.25,142.34076694736822
2024-10-16 15:30:00+00:00,142.9499969482422,142.29922962266835
2024-10-16 16:30:00+00:00,142.22999572753906,142.9860008054279
2024-10-16 17:30:00+00:00,142.69000244140625,142.2891550312607
2024-10-16 18:30:00+00:00,142.6999969482422,142.73388382684485
2024-10-16 19:30:00+00:00,142.80999755859375,142.75016111420874
2024-10-17 13:30:00+00:00,144.16000366210938,142.86745423431998
2024-10-17 14:30:00+00:00,145.33999633789062,144.18229284083563
2024-10-17 15:30:00+00:00,145.84469604492188,145.42471114839083
2024-10-17 16:30:00+00:00,145.74000549316406,145.9190614288905
2024-10-17 17:30:00+00:00,145.14999389648438,145.80586667302293
2024-10-17 18:30:00+00:00,145.4499969482422,145.23178902835085
2024-10-17 19:30:00+00:00,145.14999389648438,145.51151837729412
2024-10-18 13:30:00+00:00,144.38999938964844,145.20938866224728
2024-10-18 14:30:00+00:00,144.30999755859375,144.41906960995667
2024-10-18 15:30:00+00:00,144.6699981689453,144.31633443125816
2024-10-18 16:30:00+00:00,144.92999267578125,144.71280448374404
2024-10-18 17:30:00+00:00,145.08999633789062,144.9671125978435
2024-10-18 18:30:00+00:00,145.02999877929688,145.11650299315116
2024-10-18 19:30:00+00:00,145.0500030517578,145.0742273591864
2024-10-21 13:30:00+00:00,144.9949951171875,145.10045430522368
2024-10-21 14:30:00+00:00,144.2100067138672,145.04342055990216
2024-10-21 15:30:00+00:00,144.17999267578125,144.25295924057244
2024-10-21 16:30:00+00:00,144.42999267578125,144.2000264470337
2024-10-21 17:30:00+00:00,144.58999633789062,144.46718476224424
2024-10-21 18:30:00+00:00,144.64999389648438,144.63123852011066
2024-10-21 19:30:00+00:00,144.82000732421875,144.67313387299865
2024-10-22 13:30:00+00:00,143.67999267578125,144.86229315903992
2024-10-22 14:30:00+00:00,143.9499969482422,143.73125539953514
2024-10-22 15:30:00+00:00,144.1199951171875,143.96843347070993
2024-10-22 16:30:00+00:00,143.9949951171875,144.16468608662004
2024-10-22 17:30:00+00:00,144.30999755859375,144.03989507776822
2024-10-22 18:30:00+00:00,144.38999938964844,144.317280496034
2024-10-22 19:30:00+00:00,143.94000244140625,144.44458697496592
2024-10-23 13:30:00+00:00,144.92999267578125,143.98684114968208
2024-10-23 14:30:00+00:00,143.57000732421875,144.95707361723763
2024-10-23 15:30:00+00:00,143.1649932861328,143.64202008245434
2024-10-23 16:30:00+00:00,142.77000427246094,143.1779102465817
2024-10-23 17:30:00+00:00,142.5998992919922,142.7865706420389
2024-10-23 18:30:00+00:00,142.7899932861328,142.65145107724032
2024-10-23 19:30:00+00:00,143.5,142.78535767777834
2024-10-24 13:30:00+00:00,145.6199951171875,143.53095445059827
2024-10-24 14:30:00+00:00,145.44000244140625,145.6672651205716
2024-10-24 15:30:00+00:00,145.22000122070312,145.52809412320735
2024-10-24 16:30:00+00:00,146.11590576171875,145.26843009364833
2024-10-24 17:30:00+00:00,146.1999969482422,146.17411678484038
2024-10-24 18:30:00+00:00,146.2899932861328,146.31513751287017
2024-10-24 19:30:00+00:00,146.25999450683594,146.33051367395896
2024-10-25 13:30:00+00:00,144.0050048828125,146.2992010411421
2024-10-25 14:30:00+00:00,143.2449951171875,144.06840531093138
2024-10-25 15:30:00+00:00,142.9949951171875,143.23404470225228
2024-10-25 16:30:00+00:00,143.05999755859375,143.0098722966471
2024-10-25 17:30:00+00:00,142.77000427246094,143.08726496219984
2024-10-25 18:30:00+00:00,142.80999755859375,142.74914039633563
2024-10-25 19:30:00+00:00,143.08999633789062,142.8225527089739
2024-10-28 13:30:00+00:00,144.3800048828125,143.12294485012097
2024-10-28 14:30:00+00:00,143.88999938964844,144.4292560584009
2024-10-28 15:30:00+00:00,144.24000549316406,143.95244758431608
2024-10-28 16:30:00+00:00,144.3300018310547,144.2746363271151
2024-10-28 17:30:00+00:00,144.2100067138672,144.38524057598866
2024-10-28 18:30:00+00:00,144.7899932861328,144.2849893059237
2024-10-28 19:30:00+00:00,144.85000610351562,144.81538205143954
2024-10-29 13:30:00+00:00,144.0399932861328,144.91197713248124
2024-10-29 14:30:00+00:00,145.56500244140625,144.08457299559964
2024-10-29 15:30:00+00:00,145.30499267578125,145.58398069356164
2024-10-29 16:30:00+00:00,145.0050048828125,145.39158654913592
2024-10-29 17:30:00+00:00,145.4149932861328,145.04685752695045
2024-10-29 18:30:00+00:00,145.9600067138672,145.42698318440188
2024-10-29 19:30:00+00:00,146.02000427246094,146.0459881242831
2024-10-30 13:30:00+00:00,145.94000244140625,146.0673466758263
2024-10-30 14:30:00+00:00,146.69000244140625,145.9770757254901
2024-10-30 15:30:00+00:00,146.44500732421875,146.73979416521854
2024-10-30 16:30:00+00:00,146.66000366210938,146.51557735498935
2024-10-30 17:30:00+00:00,146.46499633789062,146.699902771683
2024-10-30 18:30:00+00:00,146.42999267578125,146.50794425356335
2024-10-30 19:30:00+00:00,145.8800048828125,146.48531767927855
2024-10-31 13:30:00+00:00,144.69000244140625,145.91246381444932
2024-10-31 14:30:00+00:00,143.77000427246094,144.72166789531065
2024-10-31 15:30:00+00:00,143.99000549316406,143.772866600075
2024-10-31 16:30:00+00:00,143.47999572753906,144.00007897549074
2024-10-31 17:30:00+00:00,143.72500610351562,143.50271069815213
2024-10-31 18:30:00+00:00,143.78500366210938,143.72234451134872
2024-10-31 19:30:00+00:00,143.27000427246094,143.8044868399723
2024-11-01 13:30:00+00:00,144.24000549316406,143.3162386847778
2024-11-01 14:30:00+00:00,143.6750030517578,144.2551032920257
2024-11-01 15:30:00+00:00,142.99000549316406,143.74029701315771
2024-11-01 16:30:00+00:00,142.1300048828125,143.02274489918108
2024-11-01 17:30:00+00:00,141.0800018310547,142.13737696255794
2024-11-01 18:30:00+00:00,141.2899932861328,141.11733616359987
2024-11-01 19:30:00+00:00,140.99000549316406,141.28373726089316
2024-11-04 14:30:00+00:00,140.72000122070312,141.0084901379986
2024-11-04 15:30:00+00:00,140.6199951171875,140.72881355573804
2024-11-04 16:30:00+00:00,140.24000549316406,140.6225356174158
2024-11-04 17:30:00+00:00,140.5399932861328,140.27882207560955
2024-11-04 18:30:00+00:00,140.3300018310547,140.56045066615007
2024-11-04 19:30:00+00:00,140.42999267578125,140.3653924044093
2024-11-04 20:30:00+00:00,139.39999389648438,140.46184334900164
2024-11-05 14:30:00+00:00,150.13999938964844,139.4282339258263
2024-11-05 15:30:00+00:00,149.03500366210938,150.10260028169614
2024-11-05 16:30:00+00:00,147.9801025390625,149.36761226882808
2024-11-05 17:30:00+00:00,147.6199951171875,148.08751773242523
2024-11-05 18:30:00+00:00,147.92999267578125,147.6738614769746
2024-11-05 19:30:00+00:00,148.35690307617188,148.21789356594152
2024-11-05 20:30:00+00:00,149.1699981689453,148.37563101129098
2024-11-06 14:30:00+00:00,164.47000122070312,149.1938165051048
2024-11-06 15:30:00+00:00,164.42544555664062,164.47379057598621
2024-11-06 16:30:00+00:00,163.82000732421875,164.8123464090137
2024-11-06 17:30:00+00:00,163.80499267578125,163.9588070429859
2024-11-06 18:30:00+00:00,164.8699951171875,163.88787146162682
2024-11-06 19:30:00+00:00,164.4550018310547,165.14005932301382
2024-11-06 20:30:00+00:00,163.67999267578125,164.52037567180923
2024-11-07 14:30:00+00:00,160.97999572753906,163.73355374093498
2024-11-07 15:30:00+00:00,160.5050048828125,161.04506995630942
2024-11-07 16:30:00+00:00,161.16000366210938,160.5316363426978
2024-11-07 17:30:00+00:00,160.0,161.19000554284997
2024-11-07 18:30:00+00:00,160.1999969482422,160.0294621115982
2024-11-07 19:30:00+00:00,160.125,160.20999887058696
2024-11-07 20:30:00+00:00,159.77000427246094,160.18060859070732
2024-11-08 14:30:00+00:00,159.25,159.82261417017386
2024-11-08 15:30:00+00:00,160.47999572753906,159.2925757250238
2024-11-08 16:30:00+00:00,160.75,160.52497315061373
2024-11-08 17:30:00+00:00,161.25999450683594,160.81342702434227
2024-11-08 18:30:00+00:00,162.1199951171875,161.31372298615108
2024-11-08 19:30:00+00:00,161.63999938964844,162.1884074999537
2024-11-08 20:30:00+00:00,162.05999755859375,161.72534060920358
2024-11-11 14:30:00+00:00,165.4499969482422,162.1201774241374
2024-11-11 15:30:00+00:00,166.47000122070312,165.5139225427632
2024-11-11 16:30:00+00:00,167.2100067138672,166.5725060503071
2024-11-11 17:30:00+00:00,167.10000610351562,167.2991471763678
2024-11-11 18:30:00+00:00,165.8249969482422,167.21387843193736
2024-11-11 19:30:00+00:00,167.05499267578125,165.92978199961132
2024-11-11 20:30:00+00:00,166.7100067138672,167.11320760727523
2024-11-12 14:30:00+00:00,164.90499877929688,166.78402944049463
2024-11-12 15:30:00+00:00,163.5800018310547,164.95437700078477
2024-11-12 16:30:00+00:00,163.1699981689453,163.60914717684483
2024-11-12 17:30:00+00:00,163.10000610351562,163.21058906865534
2024-11-12 18:30:00+00:00,163.08050537109375,163.1206871164282
2024-11-12 19:30:00+00:00,163.16000366210938,163.09746635343225
2024-11-12 20:30:00+00:00,163.72000122070312,163.1947696567093
2024-11-13 14:30:00+00:00,164.27999877929688,163.7713223089575
2024-11-13 15:30:00+00:00,165.11000061035156,164.34251697890767
2024-11-13 16:30:00+00:00,165.44500732421875,165.17756720401388
2024-11-13 17:30:00+00:00,165.50999450683594,165.52152062567393
2024-11-13 18:30:00+00:00,164.77999877929688,165.5872772780798
2024-11-13 19:30:00+00:00,164.85000610351562,164.85207503989386
2024-11-13 20:30:00+00:00,164.3300018310547,164.90983523377852
2024-11-14 14:30:00+00:00,165.5,164.38627767810928
2024-11-14 15:30:00+00:00,164.77999877929688,165.54442318013565
2024-11-14 16:30:00+00:00,164.02999877929688,164.84047148366545
2024-11-14 17:30:00+00:00,163.88499450683594,164.07856204135751
2024-11-14 18:30:00+00:00,164.66000366210938,163.9324122957355
2024-11-14 19:30:00+00:00,164.2899932861328,164.71679565182185
2024-11-14 20:30:00+00:00,164.3699951171875,164.33846577143302
2024-11-15 14:30:00+00:00,163.0,164.41527384447753
2024-11-15 15:30:00+00:00,163.0,163.06059038733392
2024-11-15 16:30:00+00:00,162.61500549316406,163.04379410611023
2024-11-15 17:30:00+00:00,162.22000122070312,162.66021370879383
2024-11-15 18:30:00+00:00,161.41000366210938,162.25664759017607
2024-11-15 19:30:00+00:00,162.83999633789062,161.44133325962304
2024-11-15 20:30:00+00:00,163.61000061035156,162.8788790124023
2024-11-18 14:30:00+00:00,162.96499633789062,163.67155515517572
2024-11-18 15:30:00+00:00,164.4949951171875,163.0230547814418
2024-11-18 16:30:00+00:00,163.85000610351562,164.55297697965568
2024-11-18 17:30:00+00:00,163.39500427246094,163.9449038038029
2024-11-18 18:30:00+00:00,163.23500061035156,163.45366006994837
2024-11-18 19:30:00+00:00,163.96499633789062,163.28943752946967
2024-11-18 20:30:00+00:00,164.30999755859375,164.02446621303687
2024-11-19 14:30:00+00:00,166.56500244140625,164.36222435844266
2024-11-19 15:30:00+00:00,168.22999572753906,166.62326968031147
2024-11-19 16:30:00+00:00,167.89999389648438,168.326852831794
2024-11-19 17:30:00+00:00,168.69000244140625,168.00009147928068
2024-11-19 18:30:00+00:00,168.43499755859375,168.77837842636092
2024-11-19 19:30:00+00:00,168.50999450683594,168.53583795470587
2024-11-19 20:30:00+00:00,168.27999877929688,168.58055503692526
2024-11-20 14:30:00+00:00,162.0500030517578,168.33950572358117
2024-11-20 15:30:00+00:00,161.73500061035156,162.0960729809952
2024-11-20 16:30:00+00:00,162.21499633789062,161.7008949971123
2024-11-20 17:30:00+00:00,162.0,162.2229049384103
2024-11-20 18:30:00+00:00,162.06500244140625,162.01344447674816
2024-11-20 19:30:00+00:00,162.69000244140625,162.05614689274609
2024-11-20 20:30:00+00:00,162.88999938964844,162.74603181228102
2024-11-21 14:30:00+00:00,163.00999450683594,162.95536802440841
2024-11-21 15:30:00+00:00,164.63999938964844,163.0707735764309
2024-11-21 16:30:00+00:00,165.16000366210938,164.7071426102368
2024-11-21 17:30:00+00:00,165.47500610351562,165.24290746622032
2024-11-21 18:30:00+00:00,165.66000366210938,165.5529166288717
2024-11-21 19:30:00+00:00,165.75,165.73499007979223
2024-11-21 20:30:00+00:00,165.02000427246094,165.8258954224242
2024-11-22 14:30:00+00:00,168.19000244140625,165.08026868071855
2024-11-22 15:30:00+00:00,168.2050018310547,168.24822965186848
2024-11-22 16:30:00+00:00,168.7050018310547,168.29477816176208
2024-11-22 17:30:00+00:00,168.3300018310547,168.78405954935965
2024-11-22 18:30:00+00:00,167.7449951171875,168.4072825561587
2024-11-22 19:30:00+00:00,167.24000549316406,167.82399253601363
2024-11-22 20:30:00+00:00,167.5399932861328,167.28637994964956
2024-11-25 14:30:00+00:00,174.3000030517578,167.586210609082
2024-11-25 15:30:00+00:00,174.03500366210938,174.3752456967525
2024-11-25 16:30:00+00:00,173.10299682617188,174.1599393758693
2024-11-25 17:30:00+00:00,174.61000061035156,173.1893072241918
2024-11-25 18:30:00+00:00,174.4499969482422,174.6994917612319
2024-11-25 19:30:00+00:00,174.27999877929688,174.56819845671632
2024-11-25 20:30:00+00:00,174.73500061035156,174.34461361242654
2024-11-26 14:30:00+00:00,173.89999389648438,174.78882314702966
2024-11-26 15:30:00+00:00,175.1999969482422,173.96916529363403
2024-11-26 16:30:00+00:00,174.7550048828125,175.25453573008897
2024-11-26 17:30:00+00:00,174.47000122070312,174.81269560327655
2024-11-26 18:30:00+00:00,174.6300048828125,174.53840397818797
2024-11-26 19:30:00+00:00,174.9949951171875,174.6764990705481
2024-11-26 20:30:00+00:00,175.61000061035156,175.060684462616
2024-11-27 14:30:00+00:00,174.80999755859375,175.66634587973283
2024-11-27 15:30:00+00:00,174.7550048828125,174.8723241345087
2024-11-27 16:30:00+00:00,174.52000427246094,174.81524982178945
2024-11-27 17:30:00+00:00,174.5050048828125,174.57343485367173
2024-11-27 18:30:00+00:00,174.4149932861328,174.562137176396
2024-11-27 19:30:00+00:00,174.07000732421875,174.46044078043082
2024-11-27 20:30:00+00:00,173.77999877929688,174.12371603888587
2024-11-29 14:30:00+00:00,175.0399932861328,173.82992557332628
2024-11-29 15:30:00+00:00,175.44000244140625,175.09110706431963
2024-11-29 16:30:00+00:00,175.38999938964844,175.50095855446153
2024-11-29 17:30:00+00:00,175.72000122070312,175.45836805960187
2024-12-02 14:30:00+00:00,173.29010009765625,175.78312729205598
2024-12-02 15:30:00+00:00,172.8300018310547,173.3607383768928
2024-12-02 16:30:00+00:00,172.6999969482422,172.8747455192602
2024-12-02 17:30:00+00:00,172.7949981689453,172.72722409846918
2024-12-02 18:30:00+00:00,173.02000427246094,172.8427476728972
2024-12-02 19:30:00+00:00,172.72999572753906,173.04997083514522
2024-12-02 20:30:00+00:00,172.33999633789062,172.7829447855343
2024-12-03 14:30:00+00:00,173.3699951171875,172.39409049501216
2024-12-03 15:30:00+00:00,173.0050048828125,173.42248137537123
2024-12-03 16:30:00+00:00,172.7100067138672,173.06568837017144
2024-12-03 17:30:00+00:00,172.9499969482422,172.7696025899013
2024-12-03 18:30:00+00:00,172.5749969482422,172.9981085506821
2024-12-03 19:30:00+00:00,172.5850067138672,172.6388504855985
2024-12-03 20:30:00+00:00,173.0,172.63596307522033
2024-12-04 14:30:00+00:00,173.0050048828125,173.04941310635175
2024-12-04 15:30:00+00:00,173.14999389648438,173.06541286785486
2024-12-04 16:30:00+00:00,173.3000030517578,173.2063041875795
2024-12-04 17:30:00+00:00,173.39999389648438,173.35775778328727
2024-12-04 18:30:00+00:00,174.57000732421875,173.4626665082989
2024-12-04 19:30:00+00:00,174.92999267578125,174.62967717282422
2024-12-04 20:30:00+00:00,174.74000549316406,174.9978870443638
2024-12-05 14:30:00+00:00,177.6649932861328,174.8128366120696
2024-12-05 15:30:00+00:00,178.72000122070312,177.72981665729344
2024-12-05 16:30:00+00:00,178.39999389648438,178.81182971415893
2024-12-05 17:30:00+00:00,177.49000549316406,178.503303205786
2024-12-05 18:30:00+00:00,177.76499938964844,177.55985111160726
2024-12-05 19:30:00+00:00,176.86000061035156,177.8458134281724
2024-12-05 20:30:00+00:00,175.75999450683594,176.91433646831436
2024-12-06 14:30:00+00:00,175.17999267578125,175.80505016388764
2024-12-06 15:30:00+00:00,174.83999633789062,175.20851095295288
2024-12-06 16:30:00+00:00,176.5500030517578,174.87680307430114
2024-12-06 17:30:00+00:00,177.66000366210938,176.5911727808559
2024-12-06 18:30:00+00:00,176.47999572753906,177.7174824678369
2024-12-06 19:30:00+00:00,176.5,176.55187764809193
